KD (nM),Mutation(s)_cleaned,mut_str,num_mutations,ddG,complex,complex_PPI,#Pdb,Partner1,Partner2,Label,ddG_FoldX,mut_scores_cycle,wt_scores_cycle
15.7,"SH105A,WH107Y,GH109S,DH110G,GH111Y,FH112Y,AH114Y,MH115F","SH105A,WH107Y,GH109S,DH110G,GH111Y,FH112Y,AH114Y,MH115F",8,1.251144143,1N8Z,1N8Z_HL_A,103_1N8Z,HL,A,forward,7.0466,1257.1074,1256.7561
19.8,"SH105A,WH107Y,GH108A,GH109H,DH110Y,FH112P,AH114Y,MH115F,YH117F","SH105A,WH107Y,GH108A,GH109H,DH110Y,FH112P,AH114Y,MH115F,YH117F",9,1.388605579,1N8Z,1N8Z_HL_A,127_1N8Z,HL,A,forward,3.8346,1264.869,1264.0828
22.6,"SH105A,RH106T,WH107Y,GH108S,GH109T,DH110Y,GH111Y,FH112N,MH115F,DH116G,YH117I","SH105A,RH106T,WH107Y,GH108S,GH109T,DH110Y,GH111Y,FH112N,MH115F,DH116G,YH117I",11,1.466967999,1N8Z,1N8Z_HL_A,143_1N8Z,HL,A,forward,7.81406,1269.6041,1269.0837
22.7,"SH105T,WH107Y,GH108L,GH109H,GH111Y,FH112Y,AH114Y,MH115F","SH105T,WH107Y,GH108L,GH109H,GH111Y,FH112Y,AH114Y,MH115F",8,1.469583685,1N8Z,1N8Z_HL_A,144_1N8Z,HL,A,forward,7.45309,1262.4438,1261.7762
22.96,"SH105A,WH107F,GH108D,DH110P,GH111F,FH112Y,MH115F,DH116A","SH105A,WH107F,GH108D,DH110P,GH111F,FH112Y,MH115F,DH116A",8,1.476330912,1N8Z,1N8Z_HL_A,146_1N8Z,HL,A,forward,6.217,1262.7632,1262.7368
25.9,"SH105A,WH107Y,GH108L,GH109T,DH110A,GH111Y,FH112Q,AH114F,MH115F,DH116Y","SH105A,WH107Y,GH108L,GH109T,DH110A,GH111Y,FH112Q,AH114F,MH115F,DH116Y",10,1.547715094,1N8Z,1N8Z_HL_A,159_1N8Z,HL,A,forward,8.4135,1262.1882,1262.2794
27.97,"SH105A,WH107Y,GH109A,DH110Y,GH111S,FH112S,AH114Y,MH115F,DH116G","SH105A,WH107Y,GH109A,DH110Y,GH111S,FH112S,AH114Y,MH115F,DH116G",9,1.593268454,1N8Z,1N8Z_HL_A,169_1N8Z,HL,A,forward,3.7438,1269.3774,1268.8401
31.4,"SH105A,WH107Y,DH110G,GH111Y,FH112Y,AH114Y,MH115F,YH117V","SH105A,WH107Y,DH110G,GH111Y,FH112Y,AH114Y,MH115F,YH117V",8,1.661800566,1N8Z,1N8Z_HL_A,180_1N8Z,HL,A,forward,9.1041,1249.5577,1250.4044
33.31,"SH105A,WH107Y,GH108P,GH109N,DH110Y,AH114M,MH115F","SH105A,WH107Y,GH108P,GH109N,DH110Y,AH114M,MH115F",7,1.696784713,1N8Z,1N8Z_HL_A,186_1N8Z,HL,A,forward,3.4155,1249.5197,1249.5858
35.04,"SH105A,WH107F,DH110A,FH112G,AH114Y,MH115F","SH105A,WH107F,DH110A,FH112G,AH114Y,MH115F",6,1.726782105,1N8Z,1N8Z_HL_A,188_1N8Z,HL,A,forward,1.0679,1266.5457,1266.2456
